source_file,timestamp,query,case,seed,row_index,runtime_seconds,settings_provenance
/home/hugo/code/results-spy/results/ash_datagen/ash_datagen_runtimes_20260628_231141.csv,20260628_231141,rs,3,,1,0.699,not_embedded_unverified
/home/hugo/code/results-spy/results/ash_datagen/ash_datagen_runtimes_20260628_231141.csv,20260628_231141,rs,3,,2,0.699,not_embedded_unverified
/home/hugo/code/results-spy/results/ash_datagen/ash_datagen_runtimes_20260628_231141.csv,20260628_231141,rs,3,,3,0.695,not_embedded_unverified
/home/hugo/code/results-spy/results/ash_datagen/ash_datagen_runtimes_20260628_231141.csv,20260628_231141,rs,3,,4,0.692,not_embedded_unverified
/home/hugo/code/results-spy/results/ash_datagen/ash_datagen_runtimes_20260628_231141.csv,20260628_231141,rs,3,,5,0.728,not_embedded_unverified
/home/hugo/code/results-spy/results/ash_datagen/ash_datagen_runtimes_20260628_231141.csv,20260628_231141,rs,4,,6,0.673,not_embedded_unverified
/home/hugo/code/results-spy/results/ash_datagen/ash_datagen_runtimes_20260628_231141.csv,20260628_231141,rs,4,,7,0.677,not_embedded_unverified
/home/hugo/code/results-spy/results/ash_datagen/ash_datagen_runtimes_20260628_231141.csv,20260628_231141,rs,4,,8,0.673,not_embedded_unverified
/home/hugo/code/results-spy/results/ash_datagen/ash_datagen_runtimes_20260628_231141.csv,20260628_231141,rs,4,,9,0.678,not_embedded_unverified
/home/hugo/code/results-spy/results/ash_datagen/ash_datagen_runtimes_20260628_231141.csv,20260628_231141,rs,4,,10,0.684,not_embedded_unverified
/home/hugo/code/results-spy/results/ash_datagen/ash_datagen_runtimes_20260628_231252.csv,20260628_231252,rs,3,,1,0.825,not_embedded_unverified
/home/hugo/code/results-spy/results/ash_datagen/ash_datagen_runtimes_20260628_231252.csv,20260628_231252,rs,3,,2,0.816,not_embedded_unverified
/home/hugo/code/results-spy/results/ash_datagen/ash_datagen_runtimes_20260628_231252.csv,20260628_231252,rs,3,,3,0.843,not_embedded_unverified
/home/hugo/code/results-spy/results/ash_datagen/ash_datagen_runtimes_20260628_231252.csv,20260628_231252,rs,3,,4,0.819,not_embedded_unverified
/home/hugo/code/results-spy/results/ash_datagen/ash_datagen_runtimes_20260628_231252.csv,20260628_231252,rs,3,,5,0.802,not_embedded_unverified
/home/hugo/code/results-spy/results/ash_datagen/ash_datagen_runtimes_20260628_231252.csv,20260628_231252,rs,4,,6,0.808,not_embedded_unverified
/home/hugo/code/results-spy/results/ash_datagen/ash_datagen_runtimes_20260628_231252.csv,20260628_231252,rs,4,,7,0.8,not_embedded_unverified
/home/hugo/code/results-spy/results/ash_datagen/ash_datagen_runtimes_20260628_231252.csv,20260628_231252,rs,4,,8,0.815,not_embedded_unverified
/home/hugo/code/results-spy/results/ash_datagen/ash_datagen_runtimes_20260628_231252.csv,20260628_231252,rs,4,,9,0.808,not_embedded_unverified
/home/hugo/code/results-spy/results/ash_datagen/ash_datagen_runtimes_20260628_231252.csv,20260628_231252,rs,4,,10,0.827,not_embedded_unverified
/home/hugo/code/results-spy/results/ash_datagen/ash_datagen_runtimes_20260628_231811.csv,20260628_231811,rs,3,,1,0.87,not_embedded_unverified
/home/hugo/code/results-spy/results/ash_datagen/ash_datagen_runtimes_20260628_231811.csv,20260628_231811,rs,3,,2,0.85,not_embedded_unverified
/home/hugo/code/results-spy/results/ash_datagen/ash_datagen_runtimes_20260628_231811.csv,20260628_231811,rs,3,,3,0.831,not_embedded_unverified
/home/hugo/code/results-spy/results/ash_datagen/ash_datagen_runtimes_20260628_231811.csv,20260628_231811,rs,3,,4,0.837,not_embedded_unverified
/home/hugo/code/results-spy/results/ash_datagen/ash_datagen_runtimes_20260628_231811.csv,20260628_231811,rs,3,,5,0.843,not_embedded_unverified
/home/hugo/code/results-spy/results/ash_datagen/ash_datagen_runtimes_20260628_231811.csv,20260628_231811,rs,4,,6,0.835,not_embedded_unverified
/home/hugo/code/results-spy/results/ash_datagen/ash_datagen_runtimes_20260628_231811.csv,20260628_231811,rs,4,,7,0.83,not_embedded_unverified
/home/hugo/code/results-spy/results/ash_datagen/ash_datagen_runtimes_20260628_231811.csv,20260628_231811,rs,4,,8,0.835,not_embedded_unverified
/home/hugo/code/results-spy/results/ash_datagen/ash_datagen_runtimes_20260628_231811.csv,20260628_231811,rs,4,,9,0.84,not_embedded_unverified
/home/hugo/code/results-spy/results/ash_datagen/ash_datagen_runtimes_20260628_231811.csv,20260628_231811,rs,4,,10,0.839,not_embedded_unverified
/home/hugo/code/results-spy/results/ash_datagen/ash_datagen_runtimes_20260629_012507.csv,20260629_012507,rs,2,,1,1.023,not_embedded_unverified
/home/hugo/code/results-spy/results/ash_datagen/ash_datagen_runtimes_20260629_012507.csv,20260629_012507,rs,3,,2,1.029,not_embedded_unverified
/home/hugo/code/results-spy/results/ash_datagen/ash_datagen_runtimes_20260629_012507.csv,20260629_012507,rs,4,,3,0.649,not_embedded_unverified
/home/hugo/code/results-spy/results/ash_datagen/ash_datagen_runtimes_20260629_023842.csv,20260629_023842,rs,2,,1,1.132,not_embedded_unverified
/home/hugo/code/results-spy/results/ash_datagen/ash_datagen_runtimes_20260629_023842.csv,20260629_023842,rs,3,,2,1.095,not_embedded_unverified
/home/hugo/code/results-spy/results/ash_datagen/ash_datagen_runtimes_20260629_023842.csv,20260629_023842,rs,4,,3,0.69,not_embedded_unverified
/home/hugo/code/results-spy/results/ash_datagen/ash_datagen_runtimes_20260629_030636.csv,20260629_030636,rs,2,,1,0.546,not_embedded_unverified
/home/hugo/code/results-spy/results/ash_datagen/ash_datagen_runtimes_20260629_030636.csv,20260629_030636,rs,3,,2,0.57,not_embedded_unverified
/home/hugo/code/results-spy/results/ash_datagen/ash_datagen_runtimes_20260629_030636.csv,20260629_030636,rs,4,,3,0.546,not_embedded_unverified
/home/hugo/code/results-spy/results/ash_datagen/ash_datagen_runtimes_20260629_030701.csv,20260629_030701,rs,2,,1,0.561,not_embedded_unverified
/home/hugo/code/results-spy/results/ash_datagen/ash_datagen_runtimes_20260629_030701.csv,20260629_030701,rs,2,,2,0.565,not_embedded_unverified
/home/hugo/code/results-spy/results/ash_datagen/ash_datagen_runtimes_20260629_030701.csv,20260629_030701,rs,2,,3,0.565,not_embedded_unverified
/home/hugo/code/results-spy/results/ash_datagen/ash_datagen_runtimes_20260629_030701.csv,20260629_030701,rs,2,,4,0.559,not_embedded_unverified
/home/hugo/code/results-spy/results/ash_datagen/ash_datagen_runtimes_20260629_030701.csv,20260629_030701,rs,2,,5,0.559,not_embedded_unverified
/home/hugo/code/results-spy/results/ash_datagen/ash_datagen_runtimes_20260629_030701.csv,20260629_030701,rs,3,,6,0.563,not_embedded_unverified
/home/hugo/code/results-spy/results/ash_datagen/ash_datagen_runtimes_20260629_030701.csv,20260629_030701,rs,3,,7,0.539,not_embedded_unverified
/home/hugo/code/results-spy/results/ash_datagen/ash_datagen_runtimes_20260629_030701.csv,20260629_030701,rs,3,,8,0.567,not_embedded_unverified
/home/hugo/code/results-spy/results/ash_datagen/ash_datagen_runtimes_20260629_030701.csv,20260629_030701,rs,3,,9,0.564,not_embedded_unverified
/home/hugo/code/results-spy/results/ash_datagen/ash_datagen_runtimes_20260629_030701.csv,20260629_030701,rs,3,,10,0.541,not_embedded_unverified
/home/hugo/code/results-spy/results/ash_datagen/ash_datagen_runtimes_20260629_030701.csv,20260629_030701,rs,4,,11,0.562,not_embedded_unverified
/home/hugo/code/results-spy/results/ash_datagen/ash_datagen_runtimes_20260629_030701.csv,20260629_030701,rs,4,,12,0.559,not_embedded_unverified
/home/hugo/code/results-spy/results/ash_datagen/ash_datagen_runtimes_20260629_030701.csv,20260629_030701,rs,4,,13,0.563,not_embedded_unverified
/home/hugo/code/results-spy/results/ash_datagen/ash_datagen_runtimes_20260629_030701.csv,20260629_030701,rs,4,,14,0.561,not_embedded_unverified
/home/hugo/code/results-spy/results/ash_datagen/ash_datagen_runtimes_20260629_030701.csv,20260629_030701,rs,4,,15,0.56,not_embedded_unverified
/home/hugo/code/results-spy/results/ash_datagen/ash_datagen_runtimes_20260629_030751.csv,20260629_030751,rs,2,,1,0.561,not_embedded_unverified
/home/hugo/code/results-spy/results/ash_datagen/ash_datagen_runtimes_20260629_030751.csv,20260629_030751,rs,3,,2,0.571,not_embedded_unverified
/home/hugo/code/results-spy/results/ash_datagen/ash_datagen_runtimes_20260629_030751.csv,20260629_030751,rs,4,,3,0.556,not_embedded_unverified
/home/hugo/code/results-spy/results/ash_datagen/ash_datagen_runtimes_20260629_030923.csv,20260629_030923,rs,2,,1,0.543,not_embedded_unverified
/home/hugo/code/results-spy/results/ash_datagen/ash_datagen_runtimes_20260629_030923.csv,20260629_030923,rs,3,,2,0.542,not_embedded_unverified
/home/hugo/code/results-spy/results/ash_datagen/ash_datagen_runtimes_20260629_030923.csv,20260629_030923,rs,4,,3,0.544,not_embedded_unverified
/home/hugo/code/results-spy/results/ash_datagen/ash_datagen_runtimes_20260629_030938.csv,20260629_030938,rs,2,,1,0.55,not_embedded_unverified
/home/hugo/code/results-spy/results/ash_datagen/ash_datagen_runtimes_20260629_030938.csv,20260629_030938,rs,2,,2,0.551,not_embedded_unverified
/home/hugo/code/results-spy/results/ash_datagen/ash_datagen_runtimes_20260629_030938.csv,20260629_030938,rs,2,,3,0.552,not_embedded_unverified
/home/hugo/code/results-spy/results/ash_datagen/ash_datagen_runtimes_20260629_030938.csv,20260629_030938,rs,2,,4,0.588,not_embedded_unverified
/home/hugo/code/results-spy/results/ash_datagen/ash_datagen_runtimes_20260629_030938.csv,20260629_030938,rs,2,,5,0.554,not_embedded_unverified
/home/hugo/code/results-spy/results/ash_datagen/ash_datagen_runtimes_20260629_030938.csv,20260629_030938,rs,3,,6,0.544,not_embedded_unverified
/home/hugo/code/results-spy/results/ash_datagen/ash_datagen_runtimes_20260629_030938.csv,20260629_030938,rs,3,,7,0.542,not_embedded_unverified
/home/hugo/code/results-spy/results/ash_datagen/ash_datagen_runtimes_20260629_030938.csv,20260629_030938,rs,3,,8,0.55,not_embedded_unverified
/home/hugo/code/results-spy/results/ash_datagen/ash_datagen_runtimes_20260629_030938.csv,20260629_030938,rs,3,,9,0.577,not_embedded_unverified
/home/hugo/code/results-spy/results/ash_datagen/ash_datagen_runtimes_20260629_030938.csv,20260629_030938,rs,3,,10,0.599,not_embedded_unverified
/home/hugo/code/results-spy/results/ash_datagen/ash_datagen_runtimes_20260629_030938.csv,20260629_030938,rs,4,,11,0.558,not_embedded_unverified
/home/hugo/code/results-spy/results/ash_datagen/ash_datagen_runtimes_20260629_030938.csv,20260629_030938,rs,4,,12,0.558,not_embedded_unverified
/home/hugo/code/results-spy/results/ash_datagen/ash_datagen_runtimes_20260629_030938.csv,20260629_030938,rs,4,,13,0.561,not_embedded_unverified
/home/hugo/code/results-spy/results/ash_datagen/ash_datagen_runtimes_20260629_030938.csv,20260629_030938,rs,4,,14,0.566,not_embedded_unverified
/home/hugo/code/results-spy/results/ash_datagen/ash_datagen_runtimes_20260629_030938.csv,20260629_030938,rs,4,,15,0.563,not_embedded_unverified
/home/hugo/code/results-spy/results/ash_datagen/ash_datagen_runtimes_20260629_031314.csv,20260629_031314,rs,2,,1,0.557,not_embedded_unverified
/home/hugo/code/results-spy/results/ash_datagen/ash_datagen_runtimes_20260629_031314.csv,20260629_031314,rs,3,,2,0.552,not_embedded_unverified
/home/hugo/code/results-spy/results/ash_datagen/ash_datagen_runtimes_20260629_031314.csv,20260629_031314,rs,4,,3,0.541,not_embedded_unverified
/home/hugo/code/results-spy/results/ash_datagen/ash_datagen_runtimes_20260629_031326.csv,20260629_031326,rs,2,,1,0.558,not_embedded_unverified
/home/hugo/code/results-spy/results/ash_datagen/ash_datagen_runtimes_20260629_031326.csv,20260629_031326,rs,3,,2,0.551,not_embedded_unverified
/home/hugo/code/results-spy/results/ash_datagen/ash_datagen_runtimes_20260629_031326.csv,20260629_031326,rs,4,,3,0.568,not_embedded_unverified
/home/hugo/code/results-spy/results/ash_datagen/ash_datagen_runtimes_20260701_035942.csv,20260701_035942,rs,2,,1,0.653,not_embedded_unverified
/home/hugo/code/results-spy/results/ash_datagen/ash_datagen_runtimes_20260701_035942.csv,20260701_035942,rs,3,,2,0.58,not_embedded_unverified
/home/hugo/code/results-spy/results/ash_datagen/ash_datagen_runtimes_20260701_035942.csv,20260701_035942,rs,4,,3,0.647,not_embedded_unverified
/home/hugo/code/results-spy/results/ash_datagen/ash_datagen_runtimes_20260701_035953.csv,20260701_035953,rs,2,,1,0.709,not_embedded_unverified
/home/hugo/code/results-spy/results/ash_datagen/ash_datagen_runtimes_20260701_035953.csv,20260701_035953,rs,3,,2,0.663,not_embedded_unverified
/home/hugo/code/results-spy/results/ash_datagen/ash_datagen_runtimes_20260701_035953.csv,20260701_035953,rs,4,,3,0.715,not_embedded_unverified
/home/hugo/code/results-spy/results/ash_datagen/ash_datagen_runtimes_20260701_040408.csv,20260701_040408,rs,2,,1,0.71,not_embedded_unverified
/home/hugo/code/results-spy/results/ash_datagen/ash_datagen_runtimes_20260701_040408.csv,20260701_040408,rs,3,,2,0.665,not_embedded_unverified
/home/hugo/code/results-spy/results/ash_datagen/ash_datagen_runtimes_20260701_040408.csv,20260701_040408,rs,4,,3,0.713,not_embedded_unverified
/home/hugo/code/results-spy/results/ash_datagen/ash_datagen_runtimes_20260701_040604.csv,20260701_040604,rs,2,,1,0.725,not_embedded_unverified
/home/hugo/code/results-spy/results/ash_datagen/ash_datagen_runtimes_20260701_040604.csv,20260701_040604,rs,3,,2,0.659,not_embedded_unverified
/home/hugo/code/results-spy/results/ash_datagen/ash_datagen_runtimes_20260701_040604.csv,20260701_040604,rs,4,,3,0.71,not_embedded_unverified
/home/hugo/code/results-spy/results/ash_datagen/ash_datagen_runtimes_20260701_041940.csv,20260701_041940,rs,2,,1,0.662,not_embedded_unverified
/home/hugo/code/results-spy/results/ash_datagen/ash_datagen_runtimes_20260701_041940.csv,20260701_041940,rs,3,,2,0.597,not_embedded_unverified
/home/hugo/code/results-spy/results/ash_datagen/ash_datagen_runtimes_20260701_041940.csv,20260701_041940,rs,4,,3,0.637,not_embedded_unverified
/home/hugo/code/results-spy/results/ash_datagen/ash_datagen_runtimes_20260701_042131.csv,20260701_042131,rs,2,,1,0.656,not_embedded_unverified
/home/hugo/code/results-spy/results/ash_datagen/ash_datagen_runtimes_20260701_042131.csv,20260701_042131,rs,3,,2,0.577,not_embedded_unverified
/home/hugo/code/results-spy/results/ash_datagen/ash_datagen_runtimes_20260701_042131.csv,20260701_042131,rs,4,,3,0.646,not_embedded_unverified
