dataset_id,treatment_case,bf_cost_multiplier,model,query_count,query_geomean_adjusted_speedup_vs_baseline,queries_still_faster,queries_now_slower
appian_t1,2,1,cpu_share,8,1.00025015,2,5
appian_t1,2,1,direct_add,8,1.00025015,2,5
appian_t1,2,1.5,cpu_share,8,0.998956807,2,5
appian_t1,2,1.5,direct_add,8,0.999006378,2,5
appian_t1,2,2,cpu_share,8,0.997677576,2,5
appian_t1,2,2,direct_add,8,0.997775648,2,5
appian_t1,2,4,cpu_share,8,0.99312557,2,5
appian_t1,2,4,direct_add,8,0.993381229,2,5
appian_t1,2,8,cpu_share,8,0.984528387,1,6
appian_t1,2,8,direct_add,8,0.985083778,1,6
appian_t1,4,1,cpu_share,8,1.00496758,4,3
appian_t1,4,1,direct_add,8,1.00496758,4,3
appian_t1,4,1.5,cpu_share,8,1.00366274,4,4
appian_t1,4,1.5,direct_add,8,1.00371169,4,4
appian_t1,4,2,cpu_share,8,1.00237075,4,4
appian_t1,4,2,direct_add,8,1.00246769,4,4
appian_t1,4,4,cpu_share,8,0.997326396,3,5
appian_t1,4,4,direct_add,8,0.997606253,3,5
appian_t1,4,8,cpu_share,8,0.987665044,2,6
appian_t1,4,8,direct_add,8,0.988314383,2,6
appian_t64,2,1,cpu_share,8,0.996690863,1,3
appian_t64,2,1.5,cpu_share,8,0.995842875,1,4
appian_t64,2,2,cpu_share,8,0.995000041,0,5
appian_t64,2,4,cpu_share,8,0.991678999,0,5
appian_t64,2,8,cpu_share,8,0.985266076,0,5
appian_t64,4,1,cpu_share,8,0.995193753,0,4
appian_t64,4,1.5,cpu_share,8,0.994235512,0,6
appian_t64,4,2,cpu_share,8,0.993283207,0,6
appian_t64,4,4,cpu_share,8,0.989526005,0,6
appian_t64,4,8,cpu_share,8,0.982259112,0,6
appian_t8,2,1,cpu_share,8,1.00520094,1,1
appian_t8,2,1.5,cpu_share,8,1.00408742,1,4
appian_t8,2,2,cpu_share,8,1.00298374,1,4
appian_t8,2,4,cpu_share,8,0.998664072,1,4
appian_t8,2,8,cpu_share,8,0.990449233,0,5
appian_t8,4,1,cpu_share,8,0.996198025,1,2
appian_t8,4,1.5,cpu_share,8,0.994965703,1,5
appian_t8,4,2,cpu_share,8,0.99374447,1,5
appian_t8,4,4,cpu_share,8,0.988966483,1,5
appian_t8,4,8,cpu_share,8,0.979886383,0,6
job_t1,2,1,cpu_share,112,2.45932946,102,7
job_t1,2,1,direct_add,112,2.45932946,102,7
job_t1,2,1.5,cpu_share,112,2.34323913,102,10
job_t1,2,1.5,direct_add,112,2.35680991,102,10
job_t1,2,2,cpu_share,112,2.24017596,101,11
job_t1,2,2,direct_add,112,2.26408917,101,11
job_t1,2,4,cpu_share,112,1.92405477,98,14
job_t1,2,4,direct_add,112,1.97349964,99,13
job_t1,2,8,cpu_share,112,1.52888565,78,34
job_t1,2,8,direct_add,112,1.5992327,84,28
job_t1,4,1,cpu_share,112,2.76638953,106,6
job_t1,4,1,direct_add,112,2.76638953,106,6
job_t1,4,1.5,cpu_share,112,2.58046832,106,6
job_t1,4,1.5,direct_add,112,2.60226019,106,6
job_t1,4,2,cpu_share,112,2.42080104,106,6
job_t1,4,2,direct_add,112,2.45872199,106,6
job_t1,4,4,cpu_share,112,1.96032745,104,8
job_t1,4,4,direct_add,112,2.03206817,105,7
job_t1,4,8,cpu_share,112,1.44891146,69,43
job_t1,4,8,direct_add,112,1.53831241,78,34
job_t64,2,1,cpu_share,112,1.56523963,108,2
job_t64,2,1.5,cpu_share,112,1.53773967,108,4
job_t64,2,2,cpu_share,112,1.51081526,108,4
job_t64,2,4,cpu_share,112,1.41211828,100,12
job_t64,2,8,cpu_share,112,1.25454146,85,27
job_t64,4,1,cpu_share,112,1.59087461,108,4
job_t64,4,1.5,cpu_share,112,1.54572621,106,6
job_t64,4,2,cpu_share,112,1.50392082,105,7
job_t64,4,4,cpu_share,112,1.36087287,87,25
job_t64,4,8,cpu_share,112,1.1507846,71,41
job_t8,2,1,cpu_share,112,1.89664535,85,0
job_t8,2,1.5,cpu_share,112,1.81541955,85,27
job_t8,2,2,cpu_share,112,1.74214285,85,27
job_t8,2,4,cpu_share,112,1.51058543,80,32
job_t8,2,8,cpu_share,112,1.20938462,58,54
job_t8,4,1,cpu_share,112,2.09410595,93,0
job_t8,4,1.5,cpu_share,112,1.96105364,93,19
job_t8,4,2,cpu_share,112,1.84592271,93,19
job_t8,4,4,cpu_share,112,1.51105604,82,30
job_t8,4,8,cpu_share,112,1.12060063,54,58
tpcds_sf100_t1,2,1,cpu_share,97,1.38399801,67,27
tpcds_sf100_t1,2,1,direct_add,97,1.38399801,67,27
tpcds_sf100_t1,2,1.5,cpu_share,97,1.33158268,65,31
tpcds_sf100_t1,2,1.5,direct_add,97,1.33679962,65,31
tpcds_sf100_t1,2,2,cpu_share,97,1.2848112,63,33
tpcds_sf100_t1,2,2,direct_add,97,1.29424522,64,32
tpcds_sf100_t1,2,4,cpu_share,97,1.13495696,53,43
tpcds_sf100_t1,2,4,direct_add,97,1.15508075,58,38
tpcds_sf100_t1,2,8,cpu_share,97,0.936649535,30,66
tpcds_sf100_t1,2,8,direct_add,97,0.965244369,36,60
tpcds_sf100_t1,4,1,cpu_share,97,1.54180771,73,22
tpcds_sf100_t1,4,1,direct_add,97,1.54180771,73,22
tpcds_sf100_t1,4,1.5,cpu_share,97,1.43260469,70,26
tpcds_sf100_t1,4,1.5,direct_add,97,1.4431172,70,26
tpcds_sf100_t1,4,2,cpu_share,97,1.34095752,61,35
tpcds_sf100_t1,4,2,direct_add,97,1.35886344,62,34
tpcds_sf100_t1,4,4,cpu_share,97,1.08107771,45,51
tpcds_sf100_t1,4,4,direct_add,97,1.11364613,51,45
tpcds_sf100_t1,4,8,cpu_share,97,0.798634507,19,77
tpcds_sf100_t1,4,8,direct_add,97,0.836393518,22,74
tpcds_sf100_t64,2,1,cpu_share,98,1.05271806,16,16
tpcds_sf100_t64,2,1.5,cpu_share,98,1.04651741,16,74
tpcds_sf100_t64,2,2,cpu_share,98,1.04044888,16,74
tpcds_sf100_t64,2,4,cpu_share,98,1.01748409,11,79
tpcds_sf100_t64,2,8,cpu_share,98,0.976210706,7,83
tpcds_sf100_t64,4,1,cpu_share,98,1.02661464,22,36
tpcds_sf100_t64,4,1.5,cpu_share,98,1.01235023,22,70
tpcds_sf100_t64,4,2,cpu_share,98,0.99865961,22,70
tpcds_sf100_t64,4,4,cpu_share,98,0.949368509,14,78
tpcds_sf100_t64,4,8,cpu_share,98,0.869947351,12,80
tpcds_sf100_t8,2,1,cpu_share,98,1.27996423,60,15
tpcds_sf100_t8,2,1.5,cpu_share,98,1.23453858,57,33
tpcds_sf100_t8,2,2,cpu_share,98,1.19336297,56,34
tpcds_sf100_t8,2,4,cpu_share,98,1.06074859,43,47
tpcds_sf100_t8,2,8,cpu_share,98,0.882568444,12,78
tpcds_sf100_t8,4,1,cpu_share,98,1.35682971,70,17
tpcds_sf100_t8,4,1.5,cpu_share,98,1.25706208,64,30
tpcds_sf100_t8,4,2,cpu_share,98,1.17378013,58,36
tpcds_sf100_t8,4,4,cpu_share,98,0.939892112,38,56
tpcds_sf100_t8,4,8,cpu_share,98,0.690423815,11,83
tpcds_sf10_t1,2,1,cpu_share,98,1.40744792,60,12
tpcds_sf10_t1,2,1,direct_add,98,1.40744792,60,12
tpcds_sf10_t1,2,1.5,cpu_share,98,1.35581044,58,29
tpcds_sf10_t1,2,1.5,direct_add,98,1.36703328,59,28
tpcds_sf10_t1,2,2,cpu_share,98,1.30914581,54,33
tpcds_sf10_t1,2,2,direct_add,98,1.32971569,56,31
tpcds_sf10_t1,2,4,cpu_share,98,1.1583482,47,40
tpcds_sf10_t1,2,4,direct_add,98,1.2040892,52,35
tpcds_sf10_t1,2,8,cpu_share,98,0.958107328,19,68
tpcds_sf10_t1,2,8,direct_add,98,1.02574724,34,53
tpcds_sf10_t1,4,1,cpu_share,98,1.55421638,68,12
tpcds_sf10_t1,4,1,direct_add,98,1.55421638,68,12
tpcds_sf10_t1,4,1.5,cpu_share,98,1.44796502,63,29
tpcds_sf10_t1,4,1.5,direct_add,98,1.46976374,63,29
tpcds_sf10_t1,4,2,cpu_share,98,1.3577977,58,34
tpcds_sf10_t1,4,2,direct_add,98,1.39590842,59,33
tpcds_sf10_t1,4,4,cpu_share,98,1.09996618,44,48
tpcds_sf10_t1,4,4,direct_add,98,1.17238388,47,45
tpcds_sf10_t1,4,8,cpu_share,98,0.817800468,14,78
tpcds_sf10_t1,4,8,direct_add,98,0.907473672,24,68
tpcds_sf10_t64,2,1,cpu_share,98,1.04315563,11,5
tpcds_sf10_t64,2,1.5,cpu_share,98,1.03314176,11,76
tpcds_sf10_t64,2,2,cpu_share,98,1.02343742,11,76
tpcds_sf10_t64,2,4,cpu_share,98,0.987461273,10,77
tpcds_sf10_t64,2,8,cpu_share,98,0.926162468,4,83
tpcds_sf10_t64,4,1,cpu_share,98,1.02230625,14,21
tpcds_sf10_t64,4,1.5,cpu_share,98,0.999302929,13,78
tpcds_sf10_t64,4,2,cpu_share,98,0.977315692,13,78
tpcds_sf10_t64,4,4,cpu_share,98,0.901891592,9,82
tpcds_sf10_t64,4,8,cpu_share,98,0.79060196,6,85
tpcds_sf10_t8,2,1,cpu_share,98,1.25824573,41,1
tpcds_sf10_t8,2,1.5,cpu_share,98,1.21485609,41,46
tpcds_sf10_t8,2,2,cpu_share,98,1.17533755,39,48
tpcds_sf10_t8,2,4,cpu_share,98,1.04704074,27,60
tpcds_sf10_t8,2,8,cpu_share,98,0.873585612,12,75
tpcds_sf10_t8,4,1,cpu_share,98,1.28738975,43,5
tpcds_sf10_t8,4,1.5,cpu_share,98,1.19879671,42,49
tpcds_sf10_t8,4,2,cpu_share,98,1.12394629,40,51
tpcds_sf10_t8,4,4,cpu_share,98,0.910760815,23,68
tpcds_sf10_t8,4,8,cpu_share,98,0.677101723,8,83
tpcds_sf20_t1,2,1,cpu_share,98,1.34212668,58,19
tpcds_sf20_t1,2,1,direct_add,98,1.34212668,58,19
tpcds_sf20_t1,2,1.5,cpu_share,98,1.29216465,57,30
tpcds_sf20_t1,2,1.5,direct_add,98,1.30171481,58,29
tpcds_sf20_t1,2,2,cpu_share,98,1.24709374,56,31
tpcds_sf20_t1,2,2,direct_add,98,1.2645035,56,31
tpcds_sf20_t1,2,4,cpu_share,98,1.10338636,47,40
tpcds_sf20_t1,2,4,direct_add,98,1.14131281,50,37
tpcds_sf20_t1,2,8,cpu_share,98,0.913566243,22,65
tpcds_sf20_t1,2,8,direct_add,98,0.969185995,34,53
tpcds_sf20_t1,4,1,cpu_share,98,1.4832042,69,20
tpcds_sf20_t1,4,1,direct_add,98,1.4832042,69,20
tpcds_sf20_t1,4,1.5,cpu_share,98,1.38020031,64,32
tpcds_sf20_t1,4,1.5,direct_add,98,1.39794988,65,31
tpcds_sf20_t1,4,2,cpu_share,98,1.29367322,59,37
tpcds_sf20_t1,4,2,direct_add,98,1.32452306,59,37
tpcds_sf20_t1,4,4,cpu_share,98,1.04774367,44,52
tpcds_sf20_t1,4,4,direct_add,98,1.10578832,46,50
tpcds_sf20_t1,4,8,cpu_share,98,0.777528474,20,76
tpcds_sf20_t1,4,8,direct_add,98,0.849390754,24,72
tpcds_sf20_t64,2,1,cpu_share,98,1.02687036,11,11
tpcds_sf20_t64,2,1.5,cpu_share,98,1.01806697,10,78
tpcds_sf20_t64,2,2,cpu_share,98,1.00950197,10,78
tpcds_sf20_t64,2,4,cpu_share,98,0.977452688,10,78
tpcds_sf20_t64,2,8,cpu_share,98,0.921962145,6,82
tpcds_sf20_t64,4,1,cpu_share,98,0.904180146,6,67
tpcds_sf20_t64,4,1.5,cpu_share,98,0.885784564,6,89
tpcds_sf20_t64,4,2,cpu_share,98,0.868463901,6,89
tpcds_sf20_t64,4,4,cpu_share,98,0.808730543,5,90
tpcds_sf20_t64,4,8,cpu_share,98,0.718695504,4,91
tpcds_sf20_t8,2,1,cpu_share,98,1.2539415,46,9
tpcds_sf20_t8,2,1.5,cpu_share,98,1.21037719,44,43
tpcds_sf20_t8,2,2,cpu_share,98,1.17106889,44,43
tpcds_sf20_t8,2,4,cpu_share,98,1.04284683,29,58
tpcds_sf20_t8,2,8,cpu_share,98,0.870718309,9,78
tpcds_sf20_t8,4,1,cpu_share,98,1.27925046,53,12
tpcds_sf20_t8,4,1.5,cpu_share,98,1.18843545,50,41
tpcds_sf20_t8,4,2,cpu_share,98,1.1127042,46,45
tpcds_sf20_t8,4,4,cpu_share,98,0.896819102,24,67
tpcds_sf20_t8,4,8,cpu_share,98,0.660498737,7,84
tpcds_sf50_t1,2,1,cpu_share,98,1.39051702,64,23
tpcds_sf50_t1,2,1,direct_add,98,1.39051702,64,23
tpcds_sf50_t1,2,1.5,cpu_share,98,1.33702218,64,28
tpcds_sf50_t1,2,1.5,direct_add,98,1.34463458,64,28
tpcds_sf50_t1,2,2,cpu_share,98,1.28915061,61,31
tpcds_sf50_t1,2,2,direct_add,98,1.30288607,61,31
tpcds_sf50_t1,2,4,cpu_share,98,1.13592692,55,37
tpcds_sf50_t1,2,4,direct_add,98,1.16499387,57,35
tpcds_sf50_t1,2,8,cpu_share,98,0.935189121,28,64
tpcds_sf50_t1,2,8,direct_add,98,0.976647736,37,55
tpcds_sf50_t1,4,1,cpu_share,98,1.53003409,71,21
tpcds_sf50_t1,4,1,direct_add,98,1.53003409,71,21
tpcds_sf50_t1,4,1.5,cpu_share,98,1.42458792,64,33
tpcds_sf50_t1,4,1.5,direct_add,98,1.43883653,65,32
tpcds_sf50_t1,4,2,cpu_share,98,1.33551079,62,35
tpcds_sf50_t1,4,2,direct_add,98,1.36004936,62,35
tpcds_sf50_t1,4,4,cpu_share,98,1.08312581,47,50
tpcds_sf50_t1,4,4,direct_add,98,1.12804164,51,46
tpcds_sf50_t1,4,8,cpu_share,98,0.805136284,23,74
tpcds_sf50_t1,4,8,direct_add,98,0.859853435,25,72
tpcds_sf50_t64,2,1,cpu_share,98,1.04263535,16,9
tpcds_sf50_t64,2,1.5,cpu_share,98,1.0355464,14,73
tpcds_sf50_t64,2,2,cpu_share,98,1.02863845,13,74
tpcds_sf50_t64,2,4,cpu_share,98,1.00246371,11,76
tpcds_sf50_t64,2,8,cpu_share,98,0.956651848,9,78
tpcds_sf50_t64,4,1,cpu_share,98,1.01000312,18,36
tpcds_sf50_t64,4,1.5,cpu_share,98,0.993393939,14,77
tpcds_sf50_t64,4,2,cpu_share,98,0.977806724,13,78
tpcds_sf50_t64,4,4,cpu_share,98,0.923369419,10,81
tpcds_sf50_t64,4,8,cpu_share,98,0.838396046,6,85
tpcds_sf50_t8,2,1,cpu_share,98,1.29935243,57,9
tpcds_sf50_t8,2,1.5,cpu_share,98,1.25255851,55,32
tpcds_sf50_t8,2,2,cpu_share,98,1.21015588,53,34
tpcds_sf50_t8,2,4,cpu_share,98,1.07327776,42,45
tpcds_sf50_t8,2,8,cpu_share,98,0.890234667,12,75
tpcds_sf50_t8,4,1,cpu_share,98,1.34869083,65,13
tpcds_sf50_t8,4,1.5,cpu_share,98,1.25238227,60,33
tpcds_sf50_t8,4,2,cpu_share,98,1.17160028,57,36
tpcds_sf50_t8,4,4,cpu_share,98,0.943355617,33,60
tpcds_sf50_t8,4,8,cpu_share,98,0.695491675,9,84
tpch_sf100_t1,2,1,cpu_share,22,1.23812019,14,8
tpch_sf100_t1,2,1,direct_add,22,1.23812019,14,8
tpch_sf100_t1,2,1.5,cpu_share,22,1.20106397,14,8
tpch_sf100_t1,2,1.5,direct_add,22,1.20300445,14,8
tpch_sf100_t1,2,2,cpu_share,22,1.16908374,13,9
tpch_sf100_t1,2,2,direct_add,22,1.17237044,13,9
tpch_sf100_t1,2,4,cpu_share,22,1.0716159,13,9
tpch_sf100_t1,2,4,direct_add,22,1.07837785,13,9
tpch_sf100_t1,2,8,cpu_share,22,0.944706008,10,12
tpch_sf100_t1,2,8,direct_add,22,0.954373896,10,12
tpch_sf100_t1,4,1,cpu_share,22,1.42332422,19,3
tpch_sf100_t1,4,1,direct_add,22,1.42332422,19,3
tpch_sf100_t1,4,1.5,cpu_share,22,1.32832229,19,3
tpch_sf100_t1,4,1.5,direct_add,22,1.33318941,19,3
tpch_sf100_t1,4,2,cpu_share,22,1.25092884,18,4
tpch_sf100_t1,4,2,direct_add,22,1.25900544,18,4
tpch_sf100_t1,4,4,cpu_share,22,1.0381422,15,7
tpch_sf100_t1,4,4,direct_add,22,1.05203928,15,7
tpch_sf100_t1,4,8,cpu_share,22,0.81239939,8,14
tpch_sf100_t1,4,8,direct_add,22,0.828793406,8,14
tpch_sf100_t64,2,1,cpu_share,22,1.01620125,7,6
tpch_sf100_t64,2,1.5,cpu_share,22,1.00786686,6,7
tpch_sf100_t64,2,2,cpu_share,22,1.00005801,5,8
tpch_sf100_t64,2,4,cpu_share,22,0.971969178,3,10
tpch_sf100_t64,2,8,cpu_share,22,0.923403532,2,11
tpch_sf100_t64,4,1,cpu_share,22,1.01527923,8,8
tpch_sf100_t64,4,1.5,cpu_share,22,0.999784795,6,12
tpch_sf100_t64,4,2,cpu_share,22,0.985118714,3,15
tpch_sf100_t64,4,4,cpu_share,22,0.93385564,2,16
tpch_sf100_t64,4,8,cpu_share,22,0.852287472,0,18
tpch_sf100_t8,2,1,cpu_share,22,1.26240375,9,4
tpch_sf100_t8,2,1.5,cpu_share,22,1.21091041,9,5
tpch_sf100_t8,2,2,cpu_share,22,1.16671504,9,5
tpch_sf100_t8,2,4,cpu_share,22,1.03984314,5,9
tpch_sf100_t8,2,8,cpu_share,22,0.888634639,1,13
tpch_sf100_t8,4,1,cpu_share,22,1.39951708,15,2
tpch_sf100_t8,4,1.5,cpu_share,22,1.29809628,15,3
tpch_sf100_t8,4,2,cpu_share,22,1.2175091,15,3
tpch_sf100_t8,4,4,cpu_share,22,0.998746008,7,11
tpch_sf100_t8,4,8,cpu_share,22,0.774448764,3,15
tpch_sf10_t1,2,1,cpu_share,22,1.23660758,14,2
tpch_sf10_t1,2,1,direct_add,22,1.23660758,14,2
tpch_sf10_t1,2,1.5,cpu_share,22,1.20528717,14,3
tpch_sf10_t1,2,1.5,direct_add,22,1.20749821,14,3
tpch_sf10_t1,2,2,cpu_share,22,1.17767784,13,4
tpch_sf10_t1,2,2,direct_add,22,1.18147982,13,4
tpch_sf10_t1,2,4,cpu_share,22,1.09135285,12,5
tpch_sf10_t1,2,4,direct_add,22,1.09931807,13,4
tpch_sf10_t1,2,8,cpu_share,22,0.974819647,11,6
tpch_sf10_t1,2,8,direct_add,22,0.986962745,11,6
tpch_sf10_t1,4,1,cpu_share,22,1.4245531,17,3
tpch_sf10_t1,4,1,direct_add,22,1.4245531,17,3
tpch_sf10_t1,4,1.5,cpu_share,22,1.34063087,16,4
tpch_sf10_t1,4,1.5,direct_add,22,1.34677365,16,4
tpch_sf10_t1,4,2,cpu_share,22,1.27089378,16,4
tpch_sf10_t1,4,2,direct_add,22,1.28132341,16,4
tpch_sf10_t1,4,4,cpu_share,22,1.07314651,11,9
tpch_sf10_t1,4,4,direct_add,22,1.09207654,11,9
tpch_sf10_t1,4,8,cpu_share,22,0.854063117,6,14
tpch_sf10_t1,4,8,direct_add,22,0.876944458,7,13
tpch_sf10_t64,2,1,cpu_share,22,1.00851267,5,3
tpch_sf10_t64,2,1.5,cpu_share,22,1.00091311,4,6
tpch_sf10_t64,2,2,cpu_share,22,0.993926644,4,6
tpch_sf10_t64,2,4,cpu_share,22,0.96685039,2,8
tpch_sf10_t64,2,8,cpu_share,22,0.921751893,0,10
tpch_sf10_t64,4,1,cpu_share,22,0.997352677,8,6
tpch_sf10_t64,4,1.5,cpu_share,22,0.983881857,7,11
tpch_sf10_t64,4,2,cpu_share,22,0.970374417,6,12
tpch_sf10_t64,4,4,cpu_share,22,0.922419964,5,13
tpch_sf10_t64,4,8,cpu_share,22,0.843922934,3,15
tpch_sf10_t8,2,1,cpu_share,22,1.21692328,9,0
tpch_sf10_t8,2,1.5,cpu_share,22,1.17441836,9,1
tpch_sf10_t8,2,2,cpu_share,22,1.13762051,9,1
tpch_sf10_t8,2,4,cpu_share,22,1.02725216,6,4
tpch_sf10_t8,2,8,cpu_share,22,0.891932872,1,9
tpch_sf10_t8,4,1,cpu_share,22,1.31170733,12,0
tpch_sf10_t8,4,1.5,cpu_share,22,1.22476011,12,3
tpch_sf10_t8,4,2,cpu_share,22,1.15329004,11,4
tpch_sf10_t8,4,4,cpu_share,22,0.955412647,7,8
tpch_sf10_t8,4,8,cpu_share,22,0.743081656,0,15
tpch_sf20_t1,2,1,cpu_share,22,1.2350788,19,3
tpch_sf20_t1,2,1,direct_add,22,1.2350788,19,3
tpch_sf20_t1,2,1.5,cpu_share,22,1.20423818,19,3
tpch_sf20_t1,2,1.5,direct_add,22,1.20604784,19,3
tpch_sf20_t1,2,2,cpu_share,22,1.17670254,18,4
tpch_sf20_t1,2,2,direct_add,22,1.17997646,18,4
tpch_sf20_t1,2,4,cpu_share,22,1.08769816,18,4
tpch_sf20_t1,2,4,direct_add,22,1.09480929,18,4
tpch_sf20_t1,2,8,cpu_share,22,0.968449675,16,6
tpch_sf20_t1,2,8,direct_add,22,0.978772135,16,6
tpch_sf20_t1,4,1,cpu_share,22,1.41412939,18,4
tpch_sf20_t1,4,1,direct_add,22,1.41412939,18,4
tpch_sf20_t1,4,1.5,cpu_share,22,1.32930892,18,4
tpch_sf20_t1,4,1.5,direct_add,22,1.33454396,18,4
tpch_sf20_t1,4,2,cpu_share,22,1.25864184,18,4
tpch_sf20_t1,4,2,direct_add,22,1.26754586,18,4
tpch_sf20_t1,4,4,cpu_share,22,1.05926231,13,9
tpch_sf20_t1,4,4,direct_add,22,1.07528785,14,8
tpch_sf20_t1,4,8,cpu_share,22,0.839540875,8,14
tpch_sf20_t1,4,8,direct_add,22,0.858959784,8,14
tpch_sf20_t64,2,1,cpu_share,22,1.01263966,6,1
tpch_sf20_t64,2,1.5,cpu_share,22,1.0056833,5,5
tpch_sf20_t64,2,2,cpu_share,22,0.998573543,4,6
tpch_sf20_t64,2,4,cpu_share,22,0.970676348,2,8
tpch_sf20_t64,2,8,cpu_share,22,0.923029561,0,10
tpch_sf20_t64,4,1,cpu_share,22,0.998420279,9,4
tpch_sf20_t64,4,1.5,cpu_share,22,0.982895502,6,10
tpch_sf20_t64,4,2,cpu_share,22,0.967910496,4,12
tpch_sf20_t64,4,4,cpu_share,22,0.915565909,3,13
tpch_sf20_t64,4,8,cpu_share,22,0.834015573,1,15
tpch_sf20_t8,2,1,cpu_share,22,1.24014098,10,0
tpch_sf20_t8,2,1.5,cpu_share,22,1.19649275,10,1
tpch_sf20_t8,2,2,cpu_share,22,1.15940575,10,1
tpch_sf20_t8,2,4,cpu_share,22,1.04097573,6,5
tpch_sf20_t8,2,8,cpu_share,22,0.896759983,3,8
tpch_sf20_t8,4,1,cpu_share,22,1.37350754,14,0
tpch_sf20_t8,4,1.5,cpu_share,22,1.28030336,14,1
tpch_sf20_t8,4,2,cpu_share,22,1.20357727,14,1
tpch_sf20_t8,4,4,cpu_share,22,0.99240995,6,9
tpch_sf20_t8,4,8,cpu_share,22,0.767600826,2,13
tpch_sf50_t1,2,1,cpu_share,22,1.23789239,19,3
tpch_sf50_t1,2,1,direct_add,22,1.23789239,19,3
tpch_sf50_t1,2,1.5,cpu_share,22,1.20325428,19,3
tpch_sf50_t1,2,1.5,direct_add,22,1.20509819,19,3
tpch_sf50_t1,2,2,cpu_share,22,1.17298976,18,4
tpch_sf50_t1,2,2,direct_add,22,1.17627164,18,4
tpch_sf50_t1,2,4,cpu_share,22,1.0789836,18,4
tpch_sf50_t1,2,4,direct_add,22,1.08571776,18,4
tpch_sf50_t1,2,8,cpu_share,22,0.954946794,15,7
tpch_sf50_t1,2,8,direct_add,22,0.964651027,16,6
tpch_sf50_t1,4,1,cpu_share,22,1.41984465,17,5
tpch_sf50_t1,4,1,direct_add,22,1.41984465,17,5
tpch_sf50_t1,4,1.5,cpu_share,22,1.32943058,17,5
tpch_sf50_t1,4,1.5,direct_add,22,1.33420354,17,5
tpch_sf50_t1,4,2,cpu_share,22,1.25518665,16,6
tpch_sf50_t1,4,2,direct_add,22,1.26325517,16,6
tpch_sf50_t1,4,4,cpu_share,22,1.0474772,12,10
tpch_sf50_t1,4,4,direct_add,22,1.06180468,14,8
tpch_sf50_t1,4,8,cpu_share,22,0.825046508,6,16
tpch_sf50_t1,4,8,direct_add,22,0.841913233,6,16
tpch_sf50_t64,2,1,cpu_share,22,1.01341786,7,4
tpch_sf50_t64,2,1.5,cpu_share,22,1.00685693,5,7
tpch_sf50_t64,2,2,cpu_share,22,1.00054073,4,8
tpch_sf50_t64,2,4,cpu_share,22,0.976471597,3,9
tpch_sf50_t64,2,8,cpu_share,22,0.935690832,1,11
tpch_sf50_t64,4,1,cpu_share,22,1.00909771,8,6
tpch_sf50_t64,4,1.5,cpu_share,22,0.995092165,7,9
tpch_sf50_t64,4,2,cpu_share,22,0.981787079,5,11
tpch_sf50_t64,4,4,cpu_share,22,0.933467635,3,13
tpch_sf50_t64,4,8,cpu_share,22,0.857345397,0,16
tpch_sf50_t8,2,1,cpu_share,22,1.25476194,9,1
tpch_sf50_t8,2,1.5,cpu_share,22,1.2060004,9,2
tpch_sf50_t8,2,2,cpu_share,22,1.16362006,9,2
tpch_sf50_t8,2,4,cpu_share,22,1.04086773,5,6
tpch_sf50_t8,2,8,cpu_share,22,0.894807609,1,10
tpch_sf50_t8,4,1,cpu_share,22,1.3934787,14,0
tpch_sf50_t8,4,1.5,cpu_share,22,1.29430951,14,1
tpch_sf50_t8,4,2,cpu_share,22,1.21333608,13,2
tpch_sf50_t8,4,4,cpu_share,22,0.993693243,6,9
tpch_sf50_t8,4,8,cpu_share,22,0.763994,2,13
